{"name":"b97f0c70-0835-4fa3-a3a7-ba39cfc149d4","id":"/providers/Microsoft.Flow/flows/b97f0c70-0835-4fa3-a3a7-ba39cfc149d4","type":"Microsoft.Flow/flows","properties":{"apiId":"/providers/Microsoft.PowerApps/apis/shared_logicflows","displayName":"D365 LCS Start / Stop Sample Flow","definition":{"metadata":{"workflowEntityId":null,"flowclientsuspensionreason":"None","flowclientsuspensiontime":null,"creator":{"id":"76450925-4dde-4212-b4a1-92272fd30d64","type":"User","tenantId":"cf36141c-ddd7-45a7-b073-111f66d0b30c"},"provisioningMethod":"FromDefinition","failureAlertSubscription":true,"clientLastModifiedTime":"2021-03-03T12:04:06.5170671Z"},"$schema":"https://schema.management.azure.com/providers/Microsoft.Logic/schemas/2016-06-01/workflowdefinition.json#","contentVersion":"1.0.0.0","parameters":{"$authentication":{"defaultValue":{},"type":"SecureObject"}},"triggers":{"manual":{"type":"Request","kind":"Button","inputs":{"schema":{"type":"object","properties":{"text":{"title":"Start / Stop?","type":"string","x-ms-dynamically-added":true,"description":"Please enter your input","x-ms-content-hint":"TEXT","enum":["Start","Stop"]}},"required":["text"]}}}},"actions":{"Trigger_Authentification":{"runAfter":{},"type":"Http","inputs":{"method":"POST","uri":"https://login.microsoftonline.com/common/oauth2/token","headers":{"Content-Type":"application/x-www-form-urlencoded"},"body":"grant_type=password\n&client_id=\n&client_secret=\n&resource=https://lcsapi.lcs.dynamics.com\n&username=\n&password="}},"Parse_JSON":{"runAfter":{"Trigger_Authentification":["Succeeded"]},"type":"ParseJson","inputs":{"content":"@body('Trigger_Authentification')","schema":{"type":"object","properties":{"token_type":{"type":"string"},"scope":{"type":"string"},"expires_in":{"type":"string"},"ext_expires_in":{"type":"string"},"expires_on":{"type":"string"},"not_before":{"type":"string"},"resource":{"type":"string"},"access_token":{"type":"string"},"refresh_token":{"type":"string"}}}}},"Trigger_Action":{"runAfter":{"Parse_JSON":["Succeeded"]},"type":"Http","inputs":{"method":"POST","uri":"https://lcsapi.lcs.dynamics.com/environment/v1/@{triggerBody()['text']}/project/*YourProjectId*/environment/*YourEnvironmentId*","headers":{"Content-Type":"application/json","Authorization":"Bearer @{body('Parse_JSON')?['access_token']}","'x-ms-version'":"'2017-09-15'"}}}}},"connectionReferences":{},"flowFailureAlertSubscribed":false}}