{"name":"942f9c92-eec9-4b91-b8b9-8563e04c2bce","id":"/providers/Microsoft.Flow/flows/942f9c92-eec9-4b91-b8b9-8563e04c2bce","type":"Microsoft.Flow/flows","properties":{"apiId":"/providers/Microsoft.PowerApps/apis/shared_logicflows","displayName":"LCSMetadata Template - 2","definition":{"metadata":{"workflowEntityId":null,"processAdvisorMetadata":null,"flowclientsuspensionreason":"None","flowclientsuspensiontime":null,"creator":{"id":"76450925-4dde-4212-b4a1-92272fd30d64","type":"User","tenantId":"cf36141c-ddd7-45a7-b073-111f66d0b30c"},"provisioningMethod":"FromDefinition","failureAlertSubscription":true,"clientLastModifiedTime":"2021-09-13T17:21:09.7010436Z"},"$schema":"https://schema.management.azure.com/providers/Microsoft.Logic/schemas/2016-06-01/workflowdefinition.json#","contentVersion":"1.0.0.0","parameters":{"$authentication":{"defaultValue":{},"type":"SecureObject"}},"triggers":{"manual":{"type":"Request","kind":"Button","inputs":{"schema":{"type":"object","properties":{},"required":[]}}}},"actions":{"Trigger_Authentification":{"runAfter":{},"type":"Http","inputs":{"method":"POST","uri":"https://login.microsoftonline.com/common/oauth2/token","headers":{"Content-Type":"application/x-www-form-urlencoded"},"body":"grant_type=password\n&client_id=\n&client_secret=\n&resource=https://lcsapi.lcs.dynamics.com\n&username=\n&password="}},"Parse_JSON":{"runAfter":{"Trigger_Authentification":["Succeeded"]},"type":"ParseJson","inputs":{"content":"@body('Trigger_Authentification')","schema":{"type":"object","properties":{"token_type":{"type":"string"},"scope":{"type":"string"},"expires_in":{"type":"string"},"ext_expires_in":{"type":"string"},"expires_on":{"type":"string"},"not_before":{"type":"string"},"resource":{"type":"string"},"access_token":{"type":"string"},"refresh_token":{"type":"string"}}}}},"Initialize_HasMorePages":{"runAfter":{"Parse_JSON":["Succeeded"]},"type":"InitializeVariable","inputs":{"variables":[{"name":"HasMorePages","type":"boolean","value":true}]}},"Do_until":{"actions":{"Call_LCS_API":{"runAfter":{},"type":"Http","inputs":{"method":"GET","uri":"https://lcsapi.lcs.dynamics.com/environmentinfo/v1/detail/project/\"YourProjectId\"/?page=@{variables('page')}","headers":{"Content-Type":"application/json","Authorization":"Bearer @{body('Parse_JSON')?['access_token']}","'x-ms-version'":"'2017-09-15'"}}},"Parse_API_response":{"runAfter":{"Call_LCS_API":["Succeeded"]},"type":"ParseJson","inputs":{"content":"@body('Call_LCS_API')","schema":{"type":"object","properties":{"ResultPageCurrent":{"type":"integer"},"ResultHasMorePages":{"type":"boolean"},"Data":{"type":"array","items":{"type":"object","properties":{"EnvironmentId":{},"ProjectId":{"type":"integer"},"EnvironmentName":{},"EnvironmentInfrastructure":{},"EnvironmentType":{},"EnvironmentGroup":{},"EnvironmentProduct":{},"EnvironmentEndpointBaseUrl":{},"DeploymentState":{},"TopologyDisplayName":{},"CurrentApplicationBuildVersion":{},"CurrentApplicationReleaseName":{},"CurrentPlatformReleaseName":{},"CurrentPlatformVersion":{},"DeployedOnUTC":{},"CloudStorageLocation":{},"DisasterRecoveryLocation":{},"DeploymentStatusDisplay":{},"CanStart":{},"CanStop":{}},"required":["EnvironmentId","EnvironmentName","ProjectId","EnvironmentInfrastructure","EnvironmentType","EnvironmentGroup","EnvironmentProduct","EnvironmentEndpointBaseUrl","DeploymentState","TopologyDisplayName","CurrentApplicationBuildVersion","CurrentApplicationReleaseName","CurrentPlatformReleaseName","CurrentPlatformVersion","DeployedOnUTC","CloudStorageLocation","DisasterRecoveryLocation","DeploymentStatusDisplay","CanStart","CanStop"]}},"IsSuccess":{"type":"boolean"},"OperationActivityId":{"type":"string"},"ErrorMessage":{},"VersionEOL":{"type":"string"}}}}},"Set_HasMorePages":{"runAfter":{"Apply_to_each":["Succeeded"]},"type":"SetVariable","inputs":{"name":"HasMorePages","value":"@body('Parse_API_response')?['ResultHasMorePages']"}},"Set_page":{"runAfter":{"Set_HasMorePages":["Succeeded"]},"type":"SetVariable","inputs":{"name":"page","value":"@add(body('Parse_API_response')?['ResultPageCurrent'],1)"}},"Apply_to_each":{"foreach":"@body('Parse_API_response')?['Data']","actions":{},"runAfter":{"Parse_API_response":["Succeeded"]},"type":"Foreach"}},"runAfter":{"Initialize_Page":["Succeeded"]},"expression":"@equals(variables('HasMorePages'), false)","limit":{"count":10,"timeout":"PT1H"},"type":"Until"},"Initialize_Page":{"runAfter":{"Initialize_HasMorePages":["Succeeded"]},"type":"InitializeVariable","inputs":{"variables":[{"name":"page","type":"integer","value":1}]}}}},"connectionReferences":{},"flowFailureAlertSubscribed":false}}